{"train_loss": 9.91463851928711, "train_accuracy": 1.2304844858590513e-05, "_step": 5, "_runtime": 1793, "_timestamp": 1611806132, "valid_loss": 9.252772331237793, "valid_accuracy": 0.002766129095107317}