{"train_loss": 0.0340181328356266, "train_accuracy": 0.9999483227729797, "_step": 65, "_runtime": 8218, "_timestamp": 1611833545, "valid_loss": 2.0772111415863037, "valid_accuracy": 0.6508771181106567}